	city	city_ascii
0	London	London
1	Birmingham	Birmingham
2	Manchester	Manchester
3	Leeds	Leeds
4	Newcastle	Newcastle
5	Birstall	Birstall
6	Glasgow	Glasgow
7	Liverpool	Liverpool
8	Southampton	Southampton
9	Portsmouth	Portsmouth
10	Nottingham	Nottingham
11	Bristol	Bristol
12	Sheffield	Sheffield
13	Kingston upon Hull	Kingston upon Hull
14	Leicester	Leicester
15	Edinburgh	Edinburgh
16	Caerdydd	Caerdydd
17	Stoke-on-Trent	Stoke-on-Trent
18	Coventry	Coventry
19	Reading	Reading
20	Belfast	Belfast
21	Derby	Derby
22	Plymouth	Plymouth
23	Wolverhampton	Wolverhampton
24	Abertawe	Abertawe
25	Milton Keynes	Milton Keynes
26	Islington	Islington
27	Luton	Luton
28	Aberdeen	Aberdeen
29	Norwich	Norwich
30	Croydon	Croydon
31	Swindon	Swindon
32	Basildon	Basildon
33	Bournemouth	Bournemouth
34	Worthing	Worthing
35	Ipswich	Ipswich
36	Sunderland	Sunderland
37	Ilford	Ilford
38	Middlesbrough	Middlesbrough
39	Warrington	Warrington
40	Huddersfield	Huddersfield
41	Slough	Slough
42	Oxford	Oxford
43	York	York
44	Harrow	Harrow
45	Poole	Poole
46	Saint Albans	Saint Albans
47	Dundee	Dundee
48	Blackpool	Blackpool
49	Tottenham	Tottenham
50	Telford	Telford
51	Sale	Sale
52	Brighton	Brighton
53	Enfield	Enfield
54	High Wycombe	High Wycombe
55	Bolton	Bolton
56	Romford	Romford
57	Newport	Newport
58	Exeter	Exeter
59	Solihull	Solihull
60	Gateshead	Gateshead
61	Preston	Preston
62	Blackburn	Blackburn
63	Walthamstow	Walthamstow
64	Cheltenham	Cheltenham
65	Basingstoke	Basingstoke
66	Maidstone	Maidstone
67	Chelmsford	Chelmsford
68	Doncaster	Doncaster
69	Colchester	Colchester
70	Wythenshawe	Wythenshawe
71	Rotherham	Rotherham
72	Hounslow	Hounslow
73	Rochdale	Rochdale
74	Bedford	Bedford
75	Stockport	Stockport
76	Darlington	Darlington
77	Crawley	Crawley
78	Salford	Salford
79	Wembley	Wembley
80	Dagenham	Dagenham
81	Gillingham	Gillingham
82	Mansfield	Mansfield
83	Eastbourne	Eastbourne
84	Worcester	Worcester
85	Fyfield	Fyfield
86	Wigan	Wigan
87	Hove	Hove
88	Saint Helens	Saint Helens
89	Hemel Hempstead	Hemel Hempstead
90	Wakefield	Wakefield
91	Watford	Watford
92	Barnsley	Barnsley
93	Lincoln	Lincoln
94	Kettering	Kettering
95	Fulham	Fulham
96	East Ham	East Ham
97	Hartlepool	Hartlepool
98	Ealing	Ealing
99	Birkenhead	Birkenhead
100	Nuneaton	Nuneaton
101	Brixton	Brixton
102	Bromley	Bromley
103	Bath	Bath
104	Edmonton	Edmonton
105	Hayes	Hayes
106	Woolwich	Woolwich
107	Bracknell	Bracknell
108	Edgware	Edgware
109	Scunthorpe	Scunthorpe
110	West Bromwich	West Bromwich
111	Chatham	Chatham
112	Dudley	Dudley
113	South Shields	South Shields
114	Paisley	Paisley
115	Weston-super-Mare	Weston-super-Mare
116	Bury	Bury
117	Gravesend	Gravesend
118	Lowestoft	Lowestoft
119	Carlisle	Carlisle
120	Harrogate	Harrogate
121	Newcastle under Lyme	Newcastle under Lyme
122	Kensington	Kensington
123	East Kilbride	East Kilbride
124	Thornton Heath	Thornton Heath
125	Ashford	Ashford
126	Southall	Southall
127	Rugby	Rugby
128	Burton upon Trent	Burton upon Trent
129	Uxbridge	Uxbridge
130	Crewe	Crewe
131	Gosport	Gosport
132	Wandsworth	Wandsworth
133	Finchley	Finchley
134	Feltham	Feltham
135	Chingford	Chingford
136	Inverness	Inverness
137	Washington	Washington
138	Maidenhead	Maidenhead
139	Wimbledon	Wimbledon
140	Loughborough	Loughborough
141	Tynemouth	Tynemouth
142	Walsall	Walsall
143	Rochester	Rochester
144	Acton	Acton
145	Mitcham	Mitcham
146	Wrecsam	Wrecsam
147	Waterlooville	Waterlooville
148	Scarborough	Scarborough
149	Farnborough	Farnborough
150	Twickenham	Twickenham
151	Stourbridge	Stourbridge
152	Streatham	Streatham
153	Barking	Barking
154	Dewsbury	Dewsbury
155	Widnes	Widnes
156	Taunton	Taunton
157	Bangor	Bangor
158	Aylesbury	Aylesbury
159	Halesowen	Halesowen
160	Ruislip	Ruislip
161	Royal Tunbridge Wells	Royal Tunbridge Wells
162	Wallasey	Wallasey
163	Barrow in Furness	Barrow in Furness
164	Hereford	Hereford
165	Ellesmere Port	Ellesmere Port
166	Braintree	Braintree
167	Hendon	Hendon
168	Kidderminster	Kidderminster
169	Crosby	Crosby
170	Hamilton	Hamilton
171	Altrincham	Altrincham
172	Barri	Barri
173	Dunfermline	Dunfermline
174	Royal Leamington Spa	Royal Leamington Spa
175	Llanelli	Llanelli
176	Weymouth	Weymouth
177	Greenford	Greenford
178	Rowley Regis	Rowley Regis
179	Bootle	Bootle
180	Paignton	Paignton
181	Lancaster	Lancaster
182	Morden	Morden
183	Catford	Catford
184	Folkestone	Folkestone
185	Stratford	Stratford
186	Sutton in Ashfield	Sutton in Ashfield
187	Macclesfield	Macclesfield
188	Wellingborough	Wellingborough
189	Kirkcaldy	Kirkcaldy
190	Barnet	Barnet
191	Cumbernauld	Cumbernauld
192	Batley	Batley
193	Pen-y-Bont ar Ogwr	Pen-y-Bont ar Ogwr
194	Eltham	Eltham
195	Surbiton	Surbiton
196	Ashton	Ashton
197	Stretford	Stretford
198	Welwyn Garden City	Welwyn Garden City
199	West Bridgford	West Bridgford
200	Yeovil	Yeovil
201	Beckenham	Beckenham
202	Cheshunt	Cheshunt
203	Perth	Perth
204	Ayr	Ayr
205	Banbury	Banbury
206	Wokingham	Wokingham
207	Havant	Havant
208	Hinckley	Hinckley
209	Erith	Erith
210	Morley	Morley
211	Welling	Welling
212	Castleford	Castleford
213	Fareham	Fareham
214	Merthyr Tudful	Merthyr Tudful
215	Coatbridge	Coatbridge
216	Urmston	Urmston
217	Kingswood	Kingswood
218	Kingston upon Thames	Kingston upon Thames
219	Newbury	Newbury
220	Sutton	Sutton
221	Bridgwater	Bridgwater
222	Bishops Stortford	Bishops Stortford
223	Kirkby	Kirkby
224	Salisbury	Salisbury
225	Caerphilly	Caerphilly
226	Grays	Grays
227	Abingdon	Abingdon
228	Ramsgate	Ramsgate
229	Ilkeston	Ilkeston
230	Aldershot	Aldershot
231	Cleethorpes	Cleethorpes
232	Leighton Buzzard	Leighton Buzzard
233	Blyth	Blyth
234	Aldridge	Aldridge
235	Long Eaton	Long Eaton
236	Arnold	Arnold
237	Small Heath	Small Heath
238	Herne Bay	Herne Bay
239	Aberdare	Aberdare
240	Port Talbot	Port Talbot
241	Hyde	Hyde
242	Fleet	Fleet
243	Whitley Bay	Whitley Bay
244	Beeston	Beeston
245	Camberley	Camberley
246	Dunstable	Dunstable
247	Bletchley	Bletchley
248	Denton	Denton
249	North Shields	North Shields
250	Pont-y-pŵl	Pont-y-pwl
251	Kenton	Kenton
252	Bridlington	Bridlington
253	Walkden	Walkden
254	Northolt	Northolt
255	Highbury	Highbury
256	Ewell	Ewell
257	Wisbech	Wisbech
258	Chorley	Chorley
259	Falkirk	Falkirk
260	Hanwell	Hanwell
261	Redcar	Redcar
262	Spalding	Spalding
263	Hitchin	Hitchin
264	Strood	Strood
265	Letchworth	Letchworth
266	Wigston Magna	Wigston Magna
267	Pinner	Pinner
268	Trowbridge	Trowbridge
269	Rayleigh	Rayleigh
270	Earley	Earley
271	Bicester	Bicester
272	Rutherglen	Rutherglen
273	Ryde	Ryde
274	Lichfield	Lichfield
275	Ecclesfield	Ecclesfield
276	Pontypridd	Pontypridd
277	Prestwich	Prestwich
278	Brighouse	Brighouse
279	Farnworth	Farnworth
280	Stroud	Stroud
281	Darwen	Darwen
282	Dover	Dover
283	Bexleyheath	Bexleyheath
284	Nelson	Nelson
285	Huyton	Huyton
286	Saint Neots	Saint Neots
287	Swadlincote	Swadlincote
288	Wishaw	Wishaw
289	Deal	Deal
290	Borehamwood	Borehamwood
291	Pontefract	Pontefract
292	Willenhall	Willenhall
293	Longton	Longton
294	Plympton	Plympton
295	Bromsgrove	Bromsgrove
296	Bulwell	Bulwell
297	Reddish	Reddish
298	Cramlington	Cramlington
299	Kendal	Kendal
300	Perry Barr	Perry Barr
301	Cambuslang	Cambuslang
302	Darlaston	Darlaston
303	West Ham	West Ham
304	Clifton	Clifton
305	Wood Green	Wood Green
306	Frome	Frome
307	Newton Abbot	Newton Abbot
308	Hertford	Hertford
309	Ashington	Ashington
310	Rhyl	Rhyl
311	Longbridge	Longbridge
312	Rainham	Rainham
313	Yate	Yate
314	Melton Mowbray	Melton Mowbray
315	Boscombe	Boscombe
316	Barnstaple	Barnstaple
317	Bearsden	Bearsden
318	Chichester	Chichester
319	Newton Mearns	Newton Mearns
320	Bilston	Bilston
321	Didcot	Didcot
322	Shotley Bridge	Shotley Bridge
323	Stepney	Stepney
324	Billericay	Billericay
325	Bournville	Bournville
326	Leyton	Leyton
327	Newton Aycliffe	Newton Aycliffe
328	Walton upon Thames	Walton upon Thames
329	Eastleigh	Eastleigh
330	Cheadle Hulme	Cheadle Hulme
331	Hindley	Hindley
332	Haverhill	Haverhill
333	Northfield	Northfield
334	Burntwood	Burntwood
335	Westhoughton	Westhoughton
336	Leigh-on-Sea	Leigh-on-Sea
337	Clydebank	Clydebank
338	Dollis Hill	Dollis Hill
339	Wellington	Wellington
340	Consett	Consett
341	Droylsden	Droylsden
342	Balham	Balham
343	Harborne	Harborne
344	Shenley Brook End	Shenley Brook End
345	Bloxwich	Bloxwich
346	Upminster	Upminster
347	Littleover	Littleover
348	Fleetwood	Fleetwood
349	Highgate	Highgate
350	Market Harborough	Market Harborough
351	Oadby	Oadby
352	Erdington	Erdington
353	Penarth	Penarth
354	Acomb	Acomb
355	Portishead	Portishead
356	Caversham	Caversham
357	Kings Norton	Kings Norton
358	Hackney	Hackney
359	Bishopbriggs	Bishopbriggs
360	Thornaby on Tees	Thornaby on Tees
361	Stalybridge	Stalybridge
362	Kingswinford	Kingswinford
363	Farnley	Farnley
364	Alfreton	Alfreton
365	Elgin	Elgin
366	Felixstowe	Felixstowe
367	Camborne	Camborne
368	Atherton	Atherton
369	Stanmore	Stanmore
370	Failsworth	Failsworth
371	Whitefield	Whitefield
372	Belper	Belper
373	Clevedon	Clevedon
374	Litherland	Litherland
375	Chandlers Ford	Chandlers Ford
376	Penwortham	Penwortham
377	Huntingdon	Huntingdon
378	Kidsgrove	Kidsgrove
379	Guiseley	Guiseley
380	Northwood	Northwood
381	Swinton	Swinton
382	Penistone	Penistone
383	Holborn	Holborn
384	Ossett	Ossett
385	Dronfield	Dronfield
386	Friern Barnet	Friern Barnet
387	Kenilworth	Kenilworth
388	Maesteg	Maesteg
389	Sheldon	Sheldon
390	Normanton	Normanton
391	Bispham	Bispham
392	Stratton Saint Margaret	Stratton Saint Margaret
393	March	March
394	Palmers Green	Palmers Green
395	Hornsey	Hornsey
396	Falmouth	Falmouth
397	Royton	Royton
398	Linslade	Linslade
399	Newquay	Newquay
400	Plumstead	Plumstead
401	Chesham	Chesham
402	Newton in Makerfield	Newton in Makerfield
403	Neath	Neath
404	Renfrew	Renfrew
405	Horwich	Horwich
406	Cottingham	Cottingham
407	Southgate	Southgate
408	Tewkesbury	Tewkesbury
409	Southbourne	Southbourne
410	Peterlee	Peterlee
411	Kirkstall	Kirkstall
412	Penzance	Penzance
413	Shoreham-by-Sea	Shoreham-by-Sea
414	Seaham	Seaham
415	Biddulph	Biddulph
416	Killingworth	Killingworth
417	Caterham	Caterham
418	Bellshill	Bellshill
419	Worcester Park	Worcester Park
420	Davyhulme	Davyhulme
421	Alloa	Alloa
422	Llandudno	Llandudno
423	Bathgate	Bathgate
424	Rothwell	Rothwell
425	Goodmayes	Goodmayes
426	Burnham-on-Sea	Burnham-on-Sea
427	Quedgeley	Quedgeley
428	Dukinfield	Dukinfield
429	Prestatyn	Prestatyn
430	Dingle	Dingle
431	East Barnet	East Barnet
432	Molesey	Molesey
433	Connahs Quay	Connahs Quay
434	Truro	Truro
435	Liversedge	Liversedge
436	Antrim	Antrim
437	Linlithgow	Linlithgow
438	Keynsham	Keynsham
439	Moreton	Moreton
440	Bedlington	Bedlington
441	Woodhouse	Woodhouse
442	Westbury	Westbury
443	Hadleigh	Hadleigh
444	Kew Green	Kew Green
445	Calne	Calne
446	Nantwich	Nantwich
447	Abbots Langley	Abbots Langley
448	Hampton	Hampton
449	Johnstone	Johnstone
450	Patcham	Patcham
451	Dawlish	Dawlish
452	Mickleover	Mickleover
453	Redhill	Redhill
454	Hebburn	Hebburn
455	Horsforth	Horsforth
456	Hednesford	Hednesford
457	Birstall	Birstall
458	Moston	Moston
459	Staines-upon-Thames	Staines-upon-Thames
460	Wibsey	Wibsey
461	Cowley	Cowley
462	Porthcawl	Porthcawl
463	New Brighton	New Brighton
464	Bingley	Bingley
465	Belgrave	Belgrave
466	Baguley	Baguley
467	Warminster	Warminster
468	West Derby	West Derby
469	Haslingden	Haslingden
470	Sunbury	Sunbury
471	Stoke Gifford	Stoke Gifford
472	Nailsea	Nailsea
473	Cleckheaton	Cleckheaton
474	Shirley	Shirley
475	Leagrave	Leagrave
476	Cosham	Cosham
477	Enfield Lock	Enfield Lock
478	Harwich	Harwich
479	Saffron Walden	Saffron Walden
480	Basford	Basford
481	Tyldesley	Tyldesley
482	Hilsea	Hilsea
483	Stone	Stone
484	The Mumbles	The Mumbles
485	Fazakerley	Fazakerley
486	Maldon	Maldon
487	Wombwell	Wombwell
488	Tilbury	Tilbury
489	Larkhall	Larkhall
490	Clayton	Clayton
491	Milton	Milton
492	Kidbrooke	Kidbrooke
493	Shipley	Shipley
494	Whickham	Whickham
495	Deysbrook	Deysbrook
496	Barton upon Irwell	Barton upon Irwell
497	Bonnyrigg	Bonnyrigg
498	Partick	Partick
499	Netherton	Netherton
500	Seacroft	Seacroft
501	Baildon	Baildon
502	Harrow Weald	Harrow Weald
503	Addlestone	Addlestone
504	Pemberton	Pemberton
505	West Wickham	West Wickham
506	Saltash	Saltash
507	Wellington	Wellington
508	Hazel Grove	Hazel Grove
509	Northenden	Northenden
510	Prestwick	Prestwick
511	Buckley	Buckley
512	Rock Ferry	Rock Ferry
513	Banstead	Banstead
514	Hythe	Hythe
515	Clitheroe	Clitheroe
516	Bromborough	Bromborough
517	Melksham	Melksham
518	Yiewsley	Yiewsley
519	Bidston	Bidston
520	Forfar	Forfar
521	Bebington	Bebington
522	Pendlebury	Pendlebury
523	Gornalwood	Gornalwood
524	Llantrisant	Llantrisant
525	Hessle	Hessle
526	Royston	Royston
527	Amblecote	Amblecote
528	Saint Budeaux	Saint Budeaux
529	Selby	Selby
530	Stapleford	Stapleford
531	Bourne	Bourne
532	West Drayton	West Drayton
533	Perivale	Perivale
534	Kidlington	Kidlington
535	Rosyth	Rosyth
536	Brierley Hill	Brierley Hill
537	Swinton	Swinton
538	Little Hulton	Little Hulton
539	Marlow	Marlow
540	Caerfyrddin	Caerfyrddin
541	Rossington	Rossington
542	Stanley	Stanley
543	Lowton	Lowton
544	Ringwood	Ringwood
545	Sudbury	Sudbury
546	Ilkley	Ilkley
547	Ovenden	Ovenden
548	Childwall	Childwall
549	Verwood	Verwood
550	Whitby	Whitby
551	Hetton le Hole	Hetton le Hole
552	Egg Buckland	Egg Buckland
553	Hawick	Hawick
554	Wanstead	Wanstead
555	Newport Pagnell	Newport Pagnell
556	Tilehurst	Tilehurst
557	Shenley Church End	Shenley Church End
558	Chaddesden	Chaddesden
559	Smethwick	Smethwick
560	Coseley	Coseley
561	Brackley	Brackley
562	Armthorpe	Armthorpe
563	Milngavie	Milngavie
564	Bodmin	Bodmin
565	Redruth	Redruth
566	Walsall Wood	Walsall Wood
567	Hollinwood	Hollinwood
568	Streetly	Streetly
569	Fraserburgh	Fraserburgh
570	Conisbrough	Conisbrough
571	Thorpe Saint Andrew	Thorpe Saint Andrew
572	Blunsdon Saint Andrew	Blunsdon Saint Andrew
573	Evington	Evington
574	Broughty Ferry	Broughty Ferry
575	Milford Haven	Milford Haven
576	Bredbury	Bredbury
577	Little Lever	Little Lever
578	Thatto Heath	Thatto Heath
579	Sedgley	Sedgley
580	Minehead	Minehead
581	Wollaston	Wollaston
582	Broadwater	Broadwater
583	Buckingham	Buckingham
584	Castle Bromwich	Castle Bromwich
585	Aylestone	Aylestone
586	Chard	Chard
587	Spitalfields	Spitalfields
588	Bryn	Bryn
589	Sutton on Hull	Sutton on Hull
590	Midsomer Norton	Midsomer Norton
591	Southwick	Southwick
592	Longbenton	Longbenton
593	Pelsall	Pelsall
594	Thornbury	Thornbury
595	Allestree	Allestree
596	Lye	Lye
597	Brownhills	Brownhills
598	Stranraer	Stranraer
599	Fenton	Fenton
600	Knutsford	Knutsford
601	Chepstow	Chepstow
602	Chilwell	Chilwell
603	Corsham	Corsham
604	Hamworthy	Hamworthy
605	Devizes	Devizes
606	Wordsley	Wordsley
607	Snaresbrook	Snaresbrook
608	Broughton Astley	Broughton Astley
609	Lambeth	Lambeth
610	Wallingford	Wallingford
611	Timperley	Timperley
612	Parkstone	Parkstone
613	Sandridge	Sandridge
614	Olton	Olton
615	Woolton	Woolton
616	Killamarsh	Killamarsh
617	Prescot	Prescot
618	Huntington	Huntington
619	Caldicot	Caldicot
620	Abergavenny	Abergavenny
621	Hwlffordd	Hwlffordd
622	Abertillery	Abertillery
623	Hoyland Nether	Hoyland Nether
624	Bargoed	Bargoed
625	Carnoustie	Carnoustie
626	Ashby de la Zouch	Ashby de la Zouch
627	Tonyrefail	Tonyrefail
628	Wath upon Dearne	Wath upon Dearne
629	Alsager	Alsager
630	Haydock	Haydock
631	Cudworth	Cudworth
632	Brislington	Brislington
633	Shoeburyness	Shoeburyness
634	Cowley	Cowley
635	Halstead	Halstead
636	Wealdstone	Wealdstone
637	Gillingham	Gillingham
638	Oakham	Oakham
639	Hatch End	Hatch End
640	Lemington	Lemington
641	Street	Street
642	Cowes	Cowes
643	Raynes Park	Raynes Park
644	Burslem	Burslem
645	Ryhope	Ryhope
646	Bishops Cleeve	Bishops Cleeve
647	Helston	Helston
648	Royston	Royston
649	Kippax	Kippax
650	Bishopstoke	Bishopstoke
651	Risca	Risca
652	Glascote	Glascote
653	Cheam	Cheam
654	Henley on Thames	Henley on Thames
655	Aberaman	Aberaman
656	Torpoint	Torpoint
657	Tavistock	Tavistock
658	Cupar	Cupar
659	Marton	Marton
660	Stanwell	Stanwell
661	Brierfield	Brierfield
662	Chatteris	Chatteris
663	Ifield	Ifield
664	Buckhurst Hill	Buckhurst Hill
665	Newport	Newport
666	Eaton Socon	Eaton Socon
667	Horsell	Horsell
668	Whitchurch	Whitchurch
669	Stocksbridge	Stocksbridge
670	Kilsyth	Kilsyth
671	Barnoldswick	Barnoldswick
672	Flixton	Flixton
673	Handsworth	Handsworth
674	Hellesdon	Hellesdon
675	Shepton Mallet	Shepton Mallet
676	Inverurie	Inverurie
677	Blackwood	Blackwood
678	Exhall	Exhall
679	Caernarfon	Caernarfon
680	Shildon	Shildon
681	Nairn	Nairn
682	Roby	Roby
683	Broadstone	Broadstone
684	Bradford-on-Avon	Bradford-on-Avon
685	Worsley	Worsley
686	Chapeltown	Chapeltown
687	Warfield	Warfield
688	Utley	Utley
689	Allington	Allington
690	Heybridge	Heybridge
691	Tottington	Tottington
692	Dinnington	Dinnington
693	Barwell	Barwell
694	Greenhill	Greenhill
695	Larbert	Larbert
696	Clayton le Moors	Clayton le Moors
697	Dowlais	Dowlais
698	Saint Peters	Saint Peters
699	Lydney	Lydney
700	Llantwit Major	Llantwit Major
701	Gedling	Gedling
702	Launceston	Launceston
703	Birtley	Birtley
704	Tiptree	Tiptree
705	Woodbridge	Woodbridge
706	Boxley	Boxley
707	Thornhill	Thornhill
708	Brandon	Brandon
709	Mountain Ash	Mountain Ash
710	Cam	Cam
711	Sandiacre	Sandiacre
712	Leven	Leven
713	Bonhill	Bonhill
714	Leavesden Green	Leavesden Green
715	Kirkwall	Kirkwall
716	Glastonbury	Glastonbury
717	Dunbar	Dunbar
718	Narborough	Narborough
719	Bolton upon Dearne	Bolton upon Dearne
720	Cullercoats	Cullercoats
721	Yarm	Yarm
722	Stopsley	Stopsley
723	Rye	Rye
724	Westgate on Sea	Westgate on Sea
725	Great Burstead	Great Burstead
726	Newbold	Newbold
727	Sundon	Sundon
728	Woodchurch	Woodchurch
729	Rothwell	Rothwell
730	Bedwas	Bedwas
731	Stonehouse	Stonehouse
732	Bramley	Bramley
733	Cross Gates	Cross Gates
734	Pyle	Pyle
735	Stainforth	Stainforth
736	Bucksburn	Bucksburn
737	West Auckland	West Auckland
738	Marlborough	Marlborough
739	Gowerton	Gowerton
740	Shifnal	Shifnal
741	Oban	Oban
742	Latchford	Latchford
743	Harworth	Harworth
744	Monifieth	Monifieth
745	Gorleston-on-Sea	Gorleston-on-Sea
746	Penryn	Penryn
747	Church	Church
748	Anstey	Anstey
749	Wickersley	Wickersley
750	Cromer	Cromer
751	Wistaston	Wistaston
752	Cramond	Cramond
753	Kirkham	Kirkham
754	Radlett	Radlett
755	Godmanchester	Godmanchester
756	Clowne	Clowne
757	Warrenpoint	Warrenpoint
758	Coppull	Coppull
759	Crieff	Crieff
760	Hucknall under Huthwaite	Hucknall under Huthwaite
761	Frampton Cotterell	Frampton Cotterell
762	Whetstone	Whetstone
763	Thrapston	Thrapston
764	Duntocher	Duntocher
765	Aintree	Aintree
766	Partington	Partington
767	Highbridge	Highbridge
768	Pembroke	Pembroke
769	Thames Ditton	Thames Ditton
770	Brechin	Brechin
771	Llantwit Fardre	Llantwit Fardre
772	Barrowford	Barrowford
773	Littleborough	Littleborough
774	Sherburn in Elmet	Sherburn in Elmet
775	Dinas Powys	Dinas Powys
776	Withernsea	Withernsea
777	Wadsley	Wadsley
778	Wardle	Wardle
779	Govan	Govan
780	Kirriemuir	Kirriemuir
781	Porth	Porth
782	Tettenhall	Tettenhall
783	Harlescott	Harlescott
784	Long Ditton	Long Ditton
785	Sawston	Sawston
786	Twyford	Twyford
787	Ashbourne	Ashbourne
788	Cockenzie	Cockenzie
789	Locharbriggs	Locharbriggs
790	Alcester	Alcester
791	Dursley	Dursley
792	Stepps	Stepps
793	Lerwick	Lerwick
794	Saltburn-by-the-Sea	Saltburn-by-the-Sea
795	Billinge	Billinge
796	Broughton	Broughton
797	Filey	Filey
798	Cove	Cove
799	Stansted Mountfitchet	Stansted Mountfitchet
800	Lexden	Lexden
801	Sauchie	Sauchie
802	Budleigh Salterton	Budleigh Salterton
803	Long Ashton	Long Ashton
804	Cheddar	Cheddar
805	Pontardawe	Pontardawe
806	Dore	Dore
807	North Petherton	North Petherton
808	Egham	Egham
809	Pontardulais	Pontardulais
810	Frimley	Frimley
811	Great Wakering	Great Wakering
812	Griffithstown	Griffithstown
813	Littlemore	Littlemore
814	Heage	Heage
815	Handforth	Handforth
816	Galleywood	Galleywood
817	Harleston	Harleston
818	Tadcaster	Tadcaster
819	Great Meols	Great Meols
820	Amble	Amble
821	Wotton-under-Edge	Wotton-under-Edge
822	Paulton	Paulton
823	Stotfold	Stotfold
824	Balloch	Balloch
825	Hoylake	Hoylake
826	Arlesey	Arlesey
827	Wincanton	Wincanton
828	Tetbury	Tetbury
829	Ormesby	Ormesby
830	Hengoed	Hengoed
831	Brynmawr	Brynmawr
832	Magor	Magor
833	Malmesbury	Malmesbury
834	Newent	Newent
835	Polmont	Polmont
836	Elderslie	Elderslie
837	Sheriff Hill	Sheriff Hill
838	Pinchbeck	Pinchbeck
839	Chickerell	Chickerell
840	Radstock	Radstock
841	Waterbeach	Waterbeach
842	Brotton	Brotton
843	Brayton	Brayton
844	Cwmbach	Cwmbach
845	Bradford	Bradford
846	Cambridge	Cambridge
847	Oldham	Oldham
848	Sutton Coldfield	Sutton Coldfield
849	Hastings	Hastings
850	Southport	Southport
851	Grimsby	Grimsby
852	Halifax	Halifax
853	Derry	Derry
854	Stockton-on-Tees	Stockton-on-Tees
855	Redditch	Redditch
856	Chester	Chester
857	Guildford	Guildford
858	Burnley	Burnley
859	Shrewsbury	Shrewsbury
860	Lisburn	Lisburn
861	Keighley	Keighley
862	Stafford	Stafford
863	Torquay	Torquay
864	Hornchurch	Hornchurch
865	Sittingbourne	Sittingbourne
866	Woking	Woking
867	Rhondda	Rhondda
868	Margate	Margate
869	Runcorn	Runcorn
870	Morecambe	Morecambe
871	Livingston	Livingston
872	Brentwood	Brentwood
873	Clacton-on-Sea	Clacton-on-Sea
874	Canterbury	Canterbury
875	Corby	Corby
876	Horsham	Horsham
877	Leith	Leith
878	Christchurch	Christchurch
879	Cwmbran	Cwmbran
880	Durham	Durham
881	Kilmarnock	Kilmarnock
882	Chippenham	Chippenham
883	Winchester	Winchester
884	Wallsend	Wallsend
885	Grantham	Grantham
886	Sidcup	Sidcup
887	Middleton	Middleton
888	Bexhill	Bexhill
889	Worksop	Worksop
890	King’s Lynn	King's Lynn
891	Leigh	Leigh
892	Bury Saint Edmunds	Bury Saint Edmunds
893	Greenock	Greenock
894	Tonbridge	Tonbridge
895	Farnham	Farnham
896	Tipton	Tipton
897	Glenrothes	Glenrothes
898	Andover	Andover
899	Eccles	Eccles
900	Hatfield	Hatfield
901	Great Yarmouth	Great Yarmouth
902	Skelmersdale	Skelmersdale
903	Houghton le Spring	Houghton le Spring
904	Stirling	Stirling
905	Boston	Boston
906	Billingham	Billingham
907	Airdrie	Airdrie
908	Accrington	Accrington
909	Leyland	Leyland
910	Woodley	Woodley
911	Colwyn Bay	Colwyn Bay
912	Exmouth	Exmouth
913	Windsor	Windsor
914	Wickford	Wickford
915	Irvine	Irvine
916	Dumfries	Dumfries
917	Epsom	Epsom
918	Motherwell	Motherwell
919	Glossop	Glossop
920	Winsford	Winsford
921	Warwick	Warwick
922	Whitstable	Whitstable
923	Bedworth	Bedworth
924	Burgess Hill	Burgess Hill
925	Loughton	Loughton
926	Harpenden	Harpenden
927	Radcliffe	Radcliffe
928	Carshalton	Carshalton
929	Sevenoaks	Sevenoaks
930	Rushden	Rushden
931	Northfleet	Northfleet
932	Cannock	Cannock
933	Heywood	Heywood
934	Beverley	Beverley
935	Stanford le Hope	Stanford le Hope
936	Witney	Witney
937	Ormskirk	Ormskirk
938	Littlehampton	Littlehampton
939	Jarrow	Jarrow
940	Stratford-upon-Avon	Stratford-upon-Avon
941	Ashford	Ashford
942	East Grinstead	East Grinstead
943	Thatcham	Thatcham
944	Fern Down	Fern Down
945	Bushey	Bushey
946	Coulsdon	Coulsdon
947	Congleton	Congleton
948	Oldbury	Oldbury
949	New Milton	New Milton
950	Daventry	Daventry
951	Bishop Auckland	Bishop Auckland
952	Wilmslow	Wilmslow
953	Newport	Newport
954	Chester-le-Street	Chester-le-Street
955	Broadstairs	Broadstairs
956	Golborne	Golborne
957	Gosforth	Gosforth
958	Workington	Workington
959	Witham	Witham
960	Whitehaven	Whitehaven
961	Thetford	Thetford
962	Droitwich	Droitwich
963	Great Sankey	Great Sankey
964	Pitsea	Pitsea
965	Seaford	Seaford
966	Plymstock	Plymstock
967	Evesham	Evesham
968	Rickmansworth	Rickmansworth
969	Marple	Marple
970	Wednesfield	Wednesfield
971	Rugeley	Rugeley
972	Ashton in Makerfield	Ashton in Makerfield
973	Formby	Formby
974	Bognor Regis	Bognor Regis
975	Horley	Horley
976	Arbroath	Arbroath
977	Godalming	Godalming
978	Rawtenstall	Rawtenstall
979	Calverley	Calverley
980	East Retford	East Retford
981	Kilwinning	Kilwinning
982	Gainsborough	Gainsborough
983	Yeadon	Yeadon
984	Haywards Heath	Haywards Heath
985	Buxton	Buxton
986	Omagh	Omagh
987	Pudsey	Pudsey
988	Darton	Darton
989	Hythe	Hythe
990	Musselburgh	Musselburgh
991	Waltham Abbey	Waltham Abbey
992	Maghull	Maghull
993	Dumbarton	Dumbarton
994	Reigate	Reigate
995	Halewood	Halewood
996	Potters Bar	Potters Bar
997	Saint Austell	Saint Austell
998	Wallington	Wallington
999	Woodlesford	Woodlesford
1000	Kirkintilloch	Kirkintilloch
1001	Richmond	Richmond
1002	Leek	Leek
1003	Garforth	Garforth
1004	Great Linford	Great Linford
1005	Sandhurst	Sandhurst
1006	Ecclesall	Ecclesall
1007	Faversham	Faversham
1008	Crowborough	Crowborough
1009	Ripley	Ripley
1010	Kirkby in Ashfield	Kirkby in Ashfield
1011	Stamford	Stamford
1012	Hoddesdon	Hoddesdon
1013	Hailsham	Hailsham
1014	Cirencester	Cirencester
1015	South Ockendon	South Ockendon
1016	Ely	Ely
1017	Adel	Adel
1018	Mirfield	Mirfield
1019	Eastwood	Eastwood
1020	Skegness	Skegness
1021	Goole	Goole
1022	Irlam	Irlam
1023	Ebbw Vale	Ebbw Vale
1024	Lancing	Lancing
1025	Northwich	Northwich
1026	Wetherby	Wetherby
1027	Spennymoor	Spennymoor
1028	Tiverton	Tiverton
1029	Barrhead	Barrhead
1030	Sandbach	Sandbach
1031	Stowmarket	Stowmarket
1032	Monkseaton	Monkseaton
1033	Romsey	Romsey
1034	Kempston	Kempston
1035	East Dereham	East Dereham
1036	Ramsbottom	Ramsbottom
1037	Dorchester	Dorchester
1038	Ware	Ware
1039	Staveley	Staveley
1040	Mill Hill	Mill Hill
1041	Bideford	Bideford
1042	Appley Bridge	Appley Bridge
1043	Poulton le Fylde	Poulton le Fylde
1044	Aberystwyth	Aberystwyth
1045	Heanor	Heanor
1046	Kilbirnie	Kilbirnie
1047	Peterhead	Peterhead
1048	Rawmarsh	Rawmarsh
1049	Berkhampstead	Berkhampstead
1050	Houghton Regis	Houghton Regis
1051	Bramhall	Bramhall
1052	Almondbury	Almondbury
1053	Golcar	Golcar
1054	Fulwood	Fulwood
1055	Maltby	Maltby
1056	Buckhaven	Buckhaven
1057	Grangemouth	Grangemouth
1058	Madeley	Madeley
1059	Northallerton	Northallerton
1060	Colne	Colne
1061	Mosbrough	Mosbrough
1062	Upton	Upton
1063	Saint Ives	Saint Ives
1064	Alton	Alton
1065	Braunstone	Braunstone
1066	High Blantyre	High Blantyre
1067	Sleaford	Sleaford
1068	Guisborough	Guisborough
1069	Portchester	Portchester
1070	Glen Parva	Glen Parva
1071	Newmarket	Newmarket
1072	Thornton	Thornton
1073	Haslemere	Haslemere
1074	Windlesham	Windlesham
1075	Lewes	Lewes
1076	Biggleswade	Biggleswade
1077	Ripon	Ripon
1078	Morriston	Morriston
1079	Hatfield	Hatfield
1080	Heckmondwike	Heckmondwike
1081	Heysham	Heysham
1082	Giffnock	Giffnock
1083	East Finchley	East Finchley
1084	Chertsey	Chertsey
1085	Oswestry	Oswestry
1086	Saint Andrews	Saint Andrews
1087	Brixham	Brixham
1088	Neston	Neston
1089	Wimborne Minster	Wimborne Minster
1090	Seacombe	Seacombe
1091	Louth	Louth
1092	Banbridge	Banbridge
1093	Denby Dale	Denby Dale
1094	Tredegar	Tredegar
1095	Weybridge	Weybridge
1096	Wyke	Wyke
1097	Hayes	Hayes
1098	Lymington	Lymington
1099	Uckfield	Uckfield
1100	Bangor	Bangor
1101	Penicuik	Penicuik
1102	Queensbury	Queensbury
1103	Adwick le Street	Adwick le Street
1104	Conwy	Conwy
1105	Minster	Minster
1106	Whittlesey	Whittlesey
1107	Chislehurst	Chislehurst
1108	Todmorden	Todmorden
1109	Knaresborough	Knaresborough
1110	Thundersley	Thundersley
1111	Port Glasgow	Port Glasgow
1112	Ince-in-Makerfield	Ince-in-Makerfield
1113	Carterton	Carterton
1114	Totteridge	Totteridge
1115	Winkfield	Winkfield
1116	Featherstone	Featherstone
1117	Helensburgh	Helensburgh
1118	Weston	Weston
1119	Hemsworth	Hemsworth
1120	Burbage	Burbage
1121	Broxbourne	Broxbourne
1122	Petersfield	Petersfield
1123	Ashtead	Ashtead
1124	Blaydon	Blaydon
1125	Swallownest	Swallownest
1126	Poynton	Poynton
1127	Mackworth	Mackworth
1128	Chellaston	Chellaston
1129	Mexborough	Mexborough
1130	Penrith	Penrith
1131	North Hykeham	North Hykeham
1132	Teignmouth	Teignmouth
1133	Skipton	Skipton
1134	Cowdenbeath	Cowdenbeath
1135	Clifton	Clifton
1136	Amersham	Amersham
1137	Wombourn	Wombourn
1138	Morpeth	Morpeth
1139	Wymondham	Wymondham
1140	Great Baddow	Great Baddow
1141	Farnborough	Farnborough
1142	Troon	Troon
1143	Sanderstead	Sanderstead
1144	Chelsfield	Chelsfield
1145	Heswall	Heswall
1146	Kearsley	Kearsley
1147	Milnrow	Milnrow
1148	Bo’ness	Bo'ness
1149	Cliftonville	Cliftonville
1150	Shirebrook	Shirebrook
1151	Middlewich	Middlewich
1152	Eastham	Eastham
1153	Chalfont Saint Peter	Chalfont Saint Peter
1154	Bickley	Bickley
1155	West Boldon	West Boldon
1156	Knottingley	Knottingley
1157	Cheadle	Cheadle
1158	Ystrad Mynach	Ystrad Mynach
1159	Newhaven	Newhaven
1160	Dalkeith	Dalkeith
1161	Rustington	Rustington
1162	Great Driffield	Great Driffield
1163	Ampthill	Ampthill
1164	Selston	Selston
1165	Forres	Forres
1166	Otley	Otley
1167	Cumnock	Cumnock
1168	Wells	Wells
1169	Rottingdean	Rottingdean
1170	Bridport	Bridport
1171	Broxburn	Broxburn
1172	Hersham	Hersham
1173	Bacup	Bacup
1174	Shepshed	Shepshed
1175	Carluke	Carluke
1176	Flint	Flint
1177	Ainsdale	Ainsdale
1178	Standish	Standish
1179	Uttoxeter	Uttoxeter
1180	Costessey	Costessey
1181	Alexandria	Alexandria
1182	Gourock	Gourock
1183	North Walsham	North Walsham
1184	Sudbury	Sudbury
1185	Chigwell	Chigwell
1186	Harrow on the Hill	Harrow on the Hill
1187	Bridgnorth	Bridgnorth
1188	Bolsover	Bolsover
1189	Honiton	Honiton
1190	Trentham	Trentham
1191	Wolverton	Wolverton
1192	Syston	Syston
1193	Crayford	Crayford
1194	Flitwick	Flitwick
1195	Sidmouth	Sidmouth
1196	Dorking	Dorking
1197	Chorleywood	Chorleywood
1198	Berwick-Upon-Tweed	Berwick-Upon-Tweed
1199	Churchdown	Churchdown
1200	Bamber Bridge	Bamber Bridge
1201	Ascot	Ascot
1202	Warsop	Warsop
1203	Dorridge	Dorridge
1204	Croxley Green	Croxley Green
1205	Spondon	Spondon
1206	Beaconsfield	Beaconsfield
1207	Horndean	Horndean
1208	Amesbury	Amesbury
1209	Greetland	Greetland
1210	Mablethorpe	Mablethorpe
1211	Newtown	Newtown
1212	Darfield	Darfield
1213	Tranent	Tranent
1214	Galashiels	Galashiels
1215	Elland	Elland
1216	Sheerness	Sheerness
1217	Astley	Astley
1218	Culcheth	Culcheth
1219	Stainland	Stainland
1220	Rainhill	Rainhill
1221	Bickenhill	Bickenhill
1222	Bottesford	Bottesford
1223	Epping	Epping
1224	Thame	Thame
1225	Saint Ives	Saint Ives
1226	Lymm	Lymm
1227	Rushall	Rushall
1228	Ulverston	Ulverston
1229	Cookstown	Cookstown
1230	New Mills	New Mills
1231	Hexham	Hexham
1232	Leominster	Leominster
1233	Knowsley	Knowsley
1234	Rogerstone	Rogerstone
1235	Oswaldtwistle	Oswaldtwistle
1236	Sowerby Bridge	Sowerby Bridge
1237	Southwick	Southwick
1238	Ponteland	Ponteland
1239	Holyhead	Holyhead
1240	Montrose	Montrose
1241	Abergele	Abergele
1242	Great Wyrley	Great Wyrley
1243	Sandy	Sandy
1244	Downham Market	Downham Market
1245	Torton	Torton
1246	Wootton	Wootton
1247	Ivybridge	Ivybridge
1248	Sandown	Sandown
1249	Prudhoe	Prudhoe
1250	Market Drayton	Market Drayton
1251	Tring	Tring
1252	Padiham	Padiham
1253	Englefield Green	Englefield Green
1254	Sunninghill	Sunninghill
1255	Choppington	Choppington
1256	Ross on Wye	Ross on Wye
1257	North Tidworth	North Tidworth
1258	Southborough	Southborough
1259	Iver	Iver
1260	Royal Wootton Bassett	Royal Wootton Bassett
1261	Whitburn	Whitburn
1262	Eccleston	Eccleston
1263	Hipperholme	Hipperholme
1264	Stonehaven	Stonehaven
1265	Bradwell	Bradwell
1266	Selsey	Selsey
1267	Tadley	Tadley
1268	Cranleigh	Cranleigh
1269	Holywood	Holywood
1270	Leatherhead	Leatherhead
1271	Whitchurch	Whitchurch
1272	Largs	Largs
1273	Blundellsands	Blundellsands
1274	Glenfield	Glenfield
1275	Baldock	Baldock
1276	Eckington	Eckington
1277	Horbury	Horbury
1278	Kingsnorth	Kingsnorth
1279	Shevington	Shevington
1280	Great Harwood	Great Harwood
1281	Oxted	Oxted
1282	Soham	Soham
1283	South Normanton	South Normanton
1284	Wantage	Wantage
1285	Hucclecote	Hucclecote
1286	Maryport	Maryport
1287	Burtonwood	Burtonwood
1288	Monmouth	Monmouth
1289	Saltcoats	Saltcoats
1290	Barton upon Humber	Barton upon Humber
1291	Bewdley	Bewdley
1292	Emsworth	Emsworth
1293	Ilfracombe	Ilfracombe
1294	Shepperton	Shepperton
1295	Charlton Kings	Charlton Kings
1296	Skelton	Skelton
1297	Stannington	Stannington
1298	Snodland	Snodland
1299	Methil	Methil
1300	Mossley	Mossley
1301	Knowle	Knowle
1302	Wooburn	Wooburn
1303	Earlestown	Earlestown
1304	Ardrossan	Ardrossan
1305	Aylesford	Aylesford
1306	Desborough	Desborough
1307	Felton	Felton
1308	Scartho	Scartho
1309	Holbeach	Holbeach
1310	Aberbargoed	Aberbargoed
1311	Kingsteignton	Kingsteignton
1312	Blandford Forum	Blandford Forum
1313	Abram	Abram
1314	Pencoed	Pencoed
1315	Castleton	Castleton
1316	Southwater	Southwater
1317	Balderton	Balderton
1318	Frodsham	Frodsham
1319	Ickenham	Ickenham
1320	Rhosllanerchrugog	Rhosllanerchrugog
1321	Newburn	Newburn
1322	Birchington	Birchington
1323	Bovingdon	Bovingdon
1324	Mold	Mold
1325	Mildenhall	Mildenhall
1326	Ludlow	Ludlow
1327	Hockley	Hockley
1328	Great Missenden	Great Missenden
1329	Fort William	Fort William
1330	Pembroke Dock	Pembroke Dock
1331	Felling	Felling
1332	Hughenden	Hughenden
1333	Appleton	Appleton
1334	Prestonpans	Prestonpans
1335	Bowdon	Bowdon
1336	Blairgowrie	Blairgowrie
1337	Oakengates	Oakengates
1338	London Colney	London Colney
1339	Corfe Mullen	Corfe Mullen
1340	Liphook	Liphook
1341	Aldenham	Aldenham
1342	Beccles	Beccles
1343	Haxby	Haxby
1344	Welwyn	Welwyn
1345	Chapel en le Frith	Chapel en le Frith
1346	Mountsorrel	Mountsorrel
1347	Crigglestone	Crigglestone
1348	Ollerton	Ollerton
1349	Euxton	Euxton
1350	Aveley	Aveley
1351	Buckie	Buckie
1352	Bude	Bude
1353	Haddington	Haddington
1354	Worth	Worth
1355	Ramsey	Ramsey
1356	Wilnecote	Wilnecote
1357	Towcester	Towcester
1358	Worsborough	Worsborough
1359	Great Billing	Great Billing
1360	Dodworth	Dodworth
1361	Ellon	Ellon
1362	Sherborne	Sherborne
1363	Carlton Colville	Carlton Colville
1364	Cobham	Cobham
1365	Atherstone	Atherstone
1366	Annan	Annan
1367	Felpham	Felpham
1368	Bearsted	Bearsted
1369	Matlock	Matlock
1370	Holywell	Holywell
1371	Immingham	Immingham
1372	Bersted	Bersted
1373	Swanage	Swanage
1374	Ledbury	Ledbury
1375	Irthlingborough	Irthlingborough
1376	Coleford	Coleford
1377	Wadebridge	Wadebridge
1378	Audley	Audley
1379	Hayle	Hayle
1380	Thurso	Thurso
1381	Treorchy	Treorchy
1382	Tadworth	Tadworth
1383	Usworth	Usworth
1384	Shanklin	Shanklin
1385	Sawbridgeworth	Sawbridgeworth
1386	Tanfield	Tanfield
1387	Dunblane	Dunblane
1388	Codsall	Codsall
1389	Great Dunmow	Great Dunmow
1390	Sompting	Sompting
1391	Clay Cross	Clay Cross
1392	Trumpington	Trumpington
1393	Stevenston	Stevenston
1394	Burscough	Burscough
1395	Hawkinge	Hawkinge
1396	Currie	Currie
1397	Wendover	Wendover
1398	Princes Risborough	Princes Risborough
1399	Yaxley	Yaxley
1400	Brewood	Brewood
1401	Brimington	Brimington
1402	Bingham	Bingham
1403	Shaftesbury	Shaftesbury
1404	Ystradgynlais	Ystradgynlais
1405	Whitnash	Whitnash
1406	Cockermouth	Cockermouth
1407	Whitwick	Whitwick
1408	Portlethen	Portlethen
1409	Queensferry	Queensferry
1410	Armadale	Armadale
1411	Windermere	Windermere
1412	Cherry Hinton	Cherry Hinton
1413	Hornsea	Hornsea
1414	Ferryhill	Ferryhill
1415	Rhymney	Rhymney
1416	Littleport	Littleport
1417	Cinderford	Cinderford
1418	Worplesdon	Worplesdon
1419	Diss	Diss
1420	Merstham	Merstham
1421	Great Cornard	Great Cornard
1422	Horden	Horden
1423	Byfleet	Byfleet
1424	Caister-on-Sea	Caister-on-Sea
1425	Rainworth	Rainworth
1426	Polesworth	Polesworth
1427	Brecon	Brecon
1428	Kirk of Shotts	Kirk of Shotts
1429	Rochford	Rochford
1430	Old Colwyn	Old Colwyn
1431	Walmer	Walmer
1432	Upholland	Upholland
1433	Norton Canes	Norton Canes
1434	Ripponden	Ripponden
1435	Sileby	Sileby
1436	Hadleigh	Hadleigh
1437	Bonnybridge	Bonnybridge
1438	Raunds	Raunds
1439	Pickering	Pickering
1440	Waltham Cross	Waltham Cross
1441	Polegate	Polegate
1442	Harlington	Harlington
1443	Binfield	Binfield
1444	Penkridge	Penkridge
1445	Brightlingsea	Brightlingsea
1446	Skewen	Skewen
1447	Paddock Wood	Paddock Wood
1448	Canford Cliffs	Canford Cliffs
1449	Caerleon	Caerleon
1450	Richmond	Richmond
1451	Strathaven	Strathaven
1452	Whitworth	Whitworth
1453	Meltham	Meltham
1454	Rhôs-on-Sea	Rhos-on-Sea
1455	Cullompton	Cullompton
1456	Yatton	Yatton
1457	Billingshurst	Billingshurst
1458	Pocklington	Pocklington
1459	Shinfield	Shinfield
1460	Aughton	Aughton
1461	Witley	Witley
1462	Seaton	Seaton
1463	Coxhoe	Coxhoe
1464	East Cowes	East Cowes
1465	Peebles	Peebles
1466	Hassocks	Hassocks
1467	Warsash	Warsash
1468	Peasedown Saint John	Peasedown Saint John
1469	Toton	Toton
1470	Northam	Northam
1471	Highworth	Highworth
1472	Dalton in Furness	Dalton in Furness
1473	Durrington	Durrington
1474	Egremont	Egremont
1475	Wroughton	Wroughton
1476	Cleator Moor	Cleator Moor
1477	Silsden	Silsden
1478	Goffs Oak	Goffs Oak
1479	Coleshill	Coleshill
1480	Radcliffe on Trent	Radcliffe on Trent
1481	Lanark	Lanark
1482	Warlingham	Warlingham
1483	Crowthorne	Crowthorne
1484	Stornoway	Stornoway
1485	High Ackworth	High Ackworth
1486	Harefield	Harefield
1487	West Thurrock	West Thurrock
1488	Bramcote	Bramcote
1489	Watton	Watton
1490	Merrow	Merrow
1491	Alnwick	Alnwick
1492	Totnes	Totnes
1493	Hadfield	Hadfield
1494	Willerby	Willerby
1495	Clydach	Clydach
1496	Angmering	Angmering
1497	Titchfield	Titchfield
1498	Seasalter	Seasalter
1499	Lochgelly	Lochgelly
1500	Millom	Millom
1501	Loftus	Loftus
1502	Crediton	Crediton
1503	Pershore	Pershore
1504	Goring by Sea	Goring by Sea
1505	Chalford	Chalford
1506	Brockworth	Brockworth
1507	Denny	Denny
1508	Newport-On-Tay	Newport-On-Tay
1509	Higham Ferrers	Higham Ferrers
1510	Bollington	Bollington
1511	Annfield Plain	Annfield Plain
1512	Stony Stratford	Stony Stratford
1513	Kinmel	Kinmel
1514	Burley in Wharfedale	Burley in Wharfedale
1515	Wilmington	Wilmington
1516	Kelty	Kelty
1517	Willesborough	Willesborough
1518	Edenbridge	Edenbridge
1519	Fakenham	Fakenham
1520	Farington	Farington
1521	Rainford	Rainford
1522	Hook	Hook
1523	Kinvere	Kinvere
1524	Waltham	Waltham
1525	Chobham	Chobham
1526	Crewkerne	Crewkerne
1527	Longridge	Longridge
1528	Tenterden	Tenterden
1529	Wick	Wick
1530	Kingsbridge	Kingsbridge
1531	Oundle	Oundle
1532	Kingsbury	Kingsbury
1533	Treherbert	Treherbert
1534	Boultham	Boultham
1535	Ilminster	Ilminster
1536	Treharris	Treharris
1537	Wivenhoe	Wivenhoe
1538	Southwell	Southwell
1539	Saint Agnes	Saint Agnes
1540	Denham	Denham
1541	Pakefield	Pakefield
1542	Burton Latimer	Burton Latimer
1543	Banchory	Banchory
1544	Market Deeping	Market Deeping
1545	Llandudno Junction	Llandudno Junction
1546	Stonehouse	Stonehouse
1547	Swaffham	Swaffham
1548	Park Street	Park Street
1549	Bilton	Bilton
1550	Sheringham	Sheringham
1551	Braunton	Braunton
1552	Cheadle	Cheadle
1553	Rhoose	Rhoose
1554	Wingerworth	Wingerworth
1555	Kingswood	Kingswood
1556	Shenfield	Shenfield
1557	Shenstone	Shenstone
1558	Great Bookham	Great Bookham
1559	Calverton	Calverton
1560	Humberston	Humberston
1561	Bannockburn	Bannockburn
1562	Houston	Houston
1563	Herne	Herne
1564	Abersychan	Abersychan
1565	Crumlin	Crumlin
1566	Claygate	Claygate
1567	Whaley Bridge	Whaley Bridge
1568	Sturry	Sturry
1569	Whitchurch	Whitchurch
1570	Nailsworth	Nailsworth
1571	Farnham Royal	Farnham Royal
1572	Ruddington	Ruddington
1573	Faringdon	Faringdon
1574	Briton Ferry	Briton Ferry
1575	Uddingston	Uddingston
1576	Altofts	Altofts
1577	Cotgrave	Cotgrave
1578	North Berwick	North Berwick
1579	Muxton	Muxton
1580	Ash Vale	Ash Vale
1581	Grove	Grove
1582	Fordingbridge	Fordingbridge
1583	Chipping Ongar	Chipping Ongar
1584	West Byfleet	West Byfleet
1585	Coundon	Coundon
1586	West Mersea	West Mersea
1587	Hedon	Hedon
1588	Church Gresley	Church Gresley
1589	Downside	Downside
1590	Esher	Esher
1591	Murston	Murston
1592	Pinhoe	Pinhoe
1593	Deeping Saint James	Deeping Saint James
1594	New Romney	New Romney
1595	Southam	Southam
1596	Rishton	Rishton
1597	Bridge of Allan	Bridge of Allan
1598	Marshfield	Marshfield
1599	Quarrington	Quarrington
1600	Kirkleatham	Kirkleatham
1601	Honley	Honley
1602	Bothwell	Bothwell
1603	Blythebridge	Blythebridge
1604	Meopham	Meopham
1605	Eston	Eston
1606	Abercynon	Abercynon
1607	Wigton	Wigton
1608	Carlton	Carlton
1609	Newbridge	Newbridge
1610	Carnforth	Carnforth
1611	Preesall	Preesall
1612	Torrisholme	Torrisholme
1613	Ammanford	Ammanford
1614	Freckleton	Freckleton
1615	Haworth	Haworth
1616	Enderby	Enderby
1617	Newton Grange	Newton Grange
1618	Waddington	Waddington
1619	Branston	Branston
1620	Battle	Battle
1621	Cheddleton	Cheddleton
1622	Fishtoft	Fishtoft
1623	Oakley	Oakley
1624	Newbiggin-by-the-Sea	Newbiggin-by-the-Sea
1625	Sawtry	Sawtry
1626	Thorpe	Thorpe
1627	Great Chart	Great Chart
1628	Southbourne	Southbourne
1629	Horncastle	Horncastle
1630	Sandycroft	Sandycroft
1631	Malvern Link	Malvern Link
1632	Landore	Landore
1633	Brixworth	Brixworth
1634	Saint Blazey	Saint Blazey
1635	Lossiemouth	Lossiemouth
1636	Bishops Waltham	Bishops Waltham
1637	Loanhead	Loanhead
1638	Danbury	Danbury
1639	Cranbrook	Cranbrook
1640	Kimberley	Kimberley
1641	Countesthorpe	Countesthorpe
1642	Bulkington	Bulkington
1643	Alvechurch	Alvechurch
1644	New Alresford	New Alresford
1645	Olney	Olney
1646	Sawley	Sawley
1647	Fishguard	Fishguard
1648	Cwmafan	Cwmafan
1649	South Molton	South Molton
1650	Illogan	Illogan
1651	Wirksworth	Wirksworth
1652	Ventnor	Ventnor
1653	Colnbrook	Colnbrook
1654	Chapelhall	Chapelhall
1655	Hunters Quay	Hunters Quay
1656	East Leake	East Leake
1657	Stewarton	Stewarton
1658	Market Weighton	Market Weighton
1659	Lydd	Lydd
1660	Strensall	Strensall
1661	Dingwall	Dingwall
1662	Treforest	Treforest
1663	Burwell	Burwell
1664	Barrow upon Soar	Barrow upon Soar
1665	Earlswood	Earlswood
1666	South Elmsall	South Elmsall
1667	Bursledon	Bursledon
1668	Blaby	Blaby
1669	Calstock	Calstock
1670	Weaverham	Weaverham
1671	New Inn	New Inn
1672	Looe	Looe
1673	Bungay	Bungay
1674	Abercarn	Abercarn
1675	Drayton	Drayton
1676	Sidley	Sidley
1677	Castle Donnington	Castle Donnington
1678	Cuddington	Cuddington
1679	Wem	Wem
1680	Liss	Liss
1681	Girvan	Girvan
1682	Swanscombe	Swanscombe
1683	Wheathampstead	Wheathampstead
1684	Cottenham	Cottenham
1685	Blaenavon	Blaenavon
1686	Headley	Headley
1687	Okehampton	Okehampton
1688	Holmes Chapel	Holmes Chapel
1689	Beith	Beith
1690	Chipping Norton	Chipping Norton
1691	Newarthill	Newarthill
1692	Stonewood	Stonewood
1693	Tarleton	Tarleton
1694	Gildersome	Gildersome
1695	Burntisland	Burntisland
1696	Pinxton	Pinxton
1697	Glyncorrwg	Glyncorrwg
1698	Swanwick	Swanwick
1699	Hethersett	Hethersett
1700	East Calder	East Calder
1701	Rowlands Gill	Rowlands Gill
1702	Kirton	Kirton
1703	Dyce	Dyce
1704	Steyning	Steyning
1705	Orsett	Orsett
1706	Pembury	Pembury
1707	Dartmouth	Dartmouth
1708	Ballingry	Ballingry
1709	Broughton	Broughton
1710	Welshpool	Welshpool
1711	Sedgefield	Sedgefield
1712	Helmshore	Helmshore
1713	Brigg	Brigg
1714	Woodville	Woodville
1715	Chalfont Saint Giles	Chalfont Saint Giles
1716	Tillicoultry	Tillicoultry
1717	Pagham	Pagham
1718	Hordle	Hordle
1719	Adlington	Adlington
1720	Colney Heath	Colney Heath
1721	Rhuthun	Rhuthun
1722	Lindfield	Lindfield
1723	Askern	Askern
1724	Writtle	Writtle
1725	Staplehurst	Staplehurst
1726	Great Warley Street	Great Warley Street
1727	Stoke Mandeville	Stoke Mandeville
1728	Seaton Carew	Seaton Carew
1729	Crofton	Crofton
1730	Godstone	Godstone
1731	Burghfield	Burghfield
1732	Blean	Blean
1733	Bramley	Bramley
1734	Bourne End	Bourne End
1735	Hungerford	Hungerford
1736	Chinnor	Chinnor
1737	Axminster	Axminster
1738	Studley	Studley
1739	Callington	Callington
1740	East Preston	East Preston
1741	Freshwater	Freshwater
1742	Keswick	Keswick
1743	Leiston	Leiston
1744	Drighlington	Drighlington
1745	Wellesbourne Hastings	Wellesbourne Hastings
1746	Martlesham	Martlesham
1747	Botley	Botley
1748	Cumnor	Cumnor
1749	Balerno	Balerno
1750	Aylsham	Aylsham
1751	Markfield	Markfield
1752	Gorebridge	Gorebridge
1753	Selkirk	Selkirk
1754	Bagshot	Bagshot
1755	Pyrford	Pyrford
1756	Wareham	Wareham
1757	Marchwood	Marchwood
1758	Duffield	Duffield
1759	Grangetown	Grangetown
1760	Kelso	Kelso
1761	Longton	Longton
1762	Elstree	Elstree
1763	Neilston	Neilston
1764	Wyke Regis	Wyke Regis
1765	Hartford	Hartford
1766	Pannal	Pannal
1767	Bowling	Bowling
1768	Tidenham	Tidenham
1769	Ore	Ore
1770	Barnard Castle	Barnard Castle
1771	Wool	Wool
1772	Blackrod	Blackrod
1773	Perranzabuloe	Perranzabuloe
1774	Hartley	Hartley
1775	Nursling	Nursling
1776	Barton on Sea	Barton on Sea
1777	Earls Barton	Earls Barton
1778	Bilton	Bilton
1779	Cardenden	Cardenden
1780	Quorndon	Quorndon
1781	Dalry	Dalry
1782	Kinross	Kinross
1783	Bidford-on-Avon	Bidford-on-Avon
1784	Measham	Measham
1785	Newmains	Newmains
1786	Alness	Alness
1787	Redbourn	Redbourn
1788	Roundway	Roundway
1789	Tickhill	Tickhill
1790	Henfield	Henfield
1791	Edwinstowe	Edwinstowe
1792	Holmfirth	Holmfirth
1793	Holytown	Holytown
1794	Ruskington	Ruskington
1795	Baystonhill	Baystonhill
1796	Gresford	Gresford
1797	Llangefni	Llangefni
1798	Chipping Sodbury	Chipping Sodbury
1799	Kings Langley	Kings Langley
1800	Turriff	Turriff
1801	Whiston	Whiston
1802	Middleton-on-Sea	Middleton-on-Sea
1803	Shipston on Stour	Shipston on Stour
1804	Peterborough	Peterborough
1805	Southend	Southend
1806	Basing	Basing
1807	Peterculter	Peterculter
1808	Garswood	Garswood
1809	Lydiate	Lydiate
1810	Hollington	Hollington
1811	Lea Town	Lea Town
1812	Ibstock	Ibstock
1813	Sollom	Sollom
